{
  "build": {
    "arduino": {
      "ldscript": "esp32_out.ld"
    },
    "core": "esp32",
    "extra_flags": [
      "-DARDUINO_DYDK1A",
      "-DBOARD_HAS_PSRAM",
      "-DARDUINO_RUNNING_CORE=1",
      "-DARDUINO_EVENT_RUNNING_CORE=1",
      "-mfix-esp32-psram-cache-issue",
      "-mfix-esp32-psram-cache-strategy=memw"
    ],
    "f_cpu": "240000000L",
    "f_flash": "80000000L",
    "flash_mode": "qio",
    "mcu": "esp32",
    "variant": "deneyapkart1A"
  },
  "connectivity": [
    "wifi",
    "bluetooth"
  ],
  "debug": {
    "openocd_board": "esp32-wrover.cfg"
  },
  "frameworks": [
    "arduino",
    "espidf"
  ],
  "name": "Deneyap Kart 1A",
  "upload": {
    "flash_size": "4MB",
    "maximum_ram_size": 327680,
    "maximum_size": 4194304,
    "require_upload_port": true,
    "speed": 460800
  },
  "url": "https://magaza.deneyapkart.org/tr/product/detail/deneyap-kart-1a",
  "vendor": "T3 Foundation"
}
