{
  "build": {
    "arduino":{
      "ldscript": "esp32_out.ld"
    },
    "core": "esp32",
    "extra_flags": "-DARDUINO_LOLIN32_LITE",
    "f_cpu": "240000000L",
    "f_flash": "40000000L",
    "flash_mode": "dio",
    "mcu": "esp32",
    "variant": "lolin32-lite"
  },
  "connectivity": [
    "wifi",
    "bluetooth",
    "ethernet",
    "can"
  ],
  "debug": {
    "openocd_board": "esp-wroom-32.cfg"
  },
  "frameworks": [
    "arduino",
    "espidf"
  ],
  "name": "WEMOS LOLIN32 Lite",
  "upload": {
    "flash_size": "4MB",
    "maximum_ram_size": 327680,
    "maximum_size": 4194304,
    "require_upload_port": true,
    "speed": 460800
  },
  "url": "https://diyprojects.io/wemos-lolin32-lite-compact-revision-lolin32-4-90/",
  "vendor": "WEMOS"
}
