{
  "build": {
    "core": "esp32",
    "f_cpu": "160000000L",
    "f_flash": "80000000L",
    "flash_mode": "qio",
    "mcu": "esp32c6",
    "variant": "sparkfun_esp32c6_thing_plus",
    "extra_flags": [
        "-DARDUINO_ESP32C6_THING_PLUS",
        "-DARDUINO_USB_CDC_ON_BOOT=1",
        "-DARDUINO_USB_MODE=1"
    ]
  },
  "connectivity": [
    "wifi",
    "bluetooth",
    "zigbee",
    "thread"
  ],
  "debug": {
    "openocd_target": "esp32c6.cfg"
  },
  "frameworks": [
    "arduino",
    "espidf"
  ],
  "name": "Sparkfun ESP32-C6 Thing Plus",
  "upload": {
    "flash_size": "16MB",
    "maximum_ram_size": 327680,
    "maximum_size": 16777216,
    "require_upload_port": true,
    "speed": 460800
  },
  "url": "https://www.sparkfun.com/products/22924",
  "vendor": "Sparkfun"
}
